Name,RA,DEC,DF Source,#bib,#not,Name list,Type list,Redshift Flag,RA list,DEC list,#bib list,#not list,Redshift Flag list,Redshift list
SLACS SDSS J2347-0005 source,356.86699999999996,-0.08925,"['S', 'S']",,,"['SLACS SDSS J2347-0005 source', 'SLACS SDSS J2347-0005']","['LeG', 'gLS']",,"[356.86699999999996, 356.86700833333333]","[-0.08925, -0.08923055555555555]","[4.0, 11.0]","[1.0, 0.0]","[nan, nan]","[nan, nan]"
SLACS SDSS J2300+0022 source,345.22146236720994,0.37721391354,"['S', 'S']",,,"['SLACS SDSS J2300+0022 source', 'SLACS SDSS J2300+0022']","['LeG', 'gLS']",,"[345.22146236720994, 345.22146236720994]","[0.37721391354, 0.37721391354]","[14.0, 24.0]","[2.0, 0.0]","[nan, nan]","[nan, nan]"
SLACS SDSS J0029-0055 source,7.282407351709999,-0.9307172122499999,"['S', 'S']",,,"['SLACS SDSS J0029-0055 source', 'SLACS SDSS J0029-0055']","['LeG', 'gLS']",,"[7.282407351709999, 7.282407351709999]","[-0.9307172122499999, -0.9307172122499999]","[5.0, 18.0]","[1.0, 0.0]","[nan, nan]","[nan, nan]"
SLACS SDSS J0157-0056 source,29.49558333333333,-0.9405833333333333,"['S', 'S']",,,"['SLACS SDSS J0157-0056 source', 'SLACS SDSS J0157-0056']","['LeG', 'gLS']",,"[29.49558333333333, 29.49556666666666]","[-0.9405833333333333, -0.9405694444444445]","[4.0, 12.0]","[1.0, 0.0]","[nan, nan]","[nan, nan]"
SLACS SDSS J0252+0039 source,43.18837499999999,0.6662222222222223,"['S', 'S']",,,"['SLACS SDSS J0252+0039 source', 'SLACS SDSS J0252+0039']","['LeG', 'gLS']",,"[43.18837499999999, 43.188399999999994]","[0.6662222222222223, 0.6662083333333334]","[7.0, 21.0]","[1.0, 0.0]","[nan, nan]","[nan, nan]"
SLACS SDSS J0330-0020 source,52.55058333333333,-0.34775,"['S', 'S']",,,"['SLACS SDSS J0330-0020 source', 'SLACS SDSS J0330-0020']","['LeG', 'gLS']",,"[52.55058333333333, 52.55055833333333]","[-0.34775, -0.3477444444444444]","[6.0, 19.0]","[1.0, 0.0]","[nan, nan]","[nan, nan]"
SLACS SDSS J2341+0000 source,355.29820804911,0.00518326339,"['S', 'S']",,,"['SLACS SDSS J2341+0000 source', 'SLACS SDSS J2341+0000']","['LeG', 'gLS']",,"[355.29820804911, 355.29820804911]","[0.00518326339, 0.00518326339]","[5.0, 15.0]","[1.0, 0.0]","[nan, nan]","[nan, nan]"
SLACS SDSS J0008-0004,2.012304166666666,-0.06894722222222222,"['S', 'S']",,,"['SLACS SDSS J0008-0004', 'SLACS SDSS J0008-0004 source']","['gLS', 'LeG']",,"[2.012304166666666, 2.0123333333333333]","[-0.06894722222222222, -0.06894444444444445]","[14.0, 4.0]","[0.0, 0.0]","[nan, nan]","[nan, nan]"
SLACS SDSS J0044+0113,11.012083333333331,1.2201722222222224,"['S', 'S']",,,"['SLACS SDSS J0044+0113', 'SLACS SDSS J0044+0113 source']","['gLS', 'LeG']",,"[11.012083333333331, 11.012083333333331]","[1.2201722222222224, 1.2201666666666668]","[19.0, 6.0]","[0.0, 0.0]","[nan, nan]","[nan, nan]"
SLACS SDSS J2111-0038,317.8011375,-0.6407027777777777,"['S', 'S']",,,"['SLACS SDSS J2111-0038', 'SLACS SDSS J2111-0038 source']","['gLS', 'LeG']",,"[317.8011375, 317.80125]","[-0.6407027777777777, -0.6408333333333333]","[2.0, 1.0]","[0.0, 0.0]","[nan, nan]","[nan, nan]"
SLACS SDSS J2141-0001,325.47783748117996,-0.02009171372,"['S', 'S']",,,"['SLACS SDSS J2141-0001', 'SLACS SDSS J2141-0001 source']","['gLS', 'LeG']",,"[325.47783748117996, 325.47783748117996]","[-0.02009171372, -0.02009171372]","[9.0, 5.0]","[0.0, 0.0]","[nan, nan]","[nan, nan]"
SL2S J220629+005728,331.6208333333333,0.9577777777777777,['S'],,,['SL2S J220629+005728'],['gLe'],,[331.6208333333333],[0.9577777777777777],[5.0],[0.0],[nan],[nan]
SL2S J221326-000946,333.35833333333323,-0.16277777777777777,['S'],,,['SL2S J221326-000946'],['gLe'],,[333.35833333333323],[-0.16277777777777777],[10.0],[0.0],[nan],[nan]
SLACS SDSS J2343-0030,355.9953036735399,-0.5062169771,['S'],,,['SLACS SDSS J2343-0030'],['gLS'],,[355.9953036735399],[-0.5062169771],[5.0],[0.0],[nan],[nan]
SL2S J222012+010606,335.04999999999995,1.1016666666666668,['S'],,,['SL2S J222012+010606'],['gLe'],,[335.04999999999995],[1.1016666666666668],[4.0],[0.0],[nan],[nan]
SL2S J222217+001202,335.5708333333333,0.20055555555555557,['S'],,,['SL2S J222217+001202'],['gLe'],,[335.5708333333333],[0.20055555555555557],[4.0],[0.0],[nan],[nan]
SGAS J000451.7-010321,1.2154166666666666,-1.0558333333333334,"['S', 'N', 'N', 'N', 'N', 'N', 'N']",,,"['SGAS J000451.7-010321', 'SDSS J0004-0103:[SBD2020] 1.1', 'SDSS J0004-0103:[SBD2020] 1.2', 'SDSS J0004-0103:[SBD2020] 1a.1', 'SDSS J0004-0103:[SBD2020] 1d.1', 'SDSS J0004-0103:[SBD2020] 1d.2', 'DES J0004-0103:[DBL2017] 1']","['LeG', 'G_Lens', 'G_Lens', 'G_Lens', 'G_Lens', 'G_Lens', 'G_Lens']",,"[1.2154166666666666, 1.21546, 1.21535, 1.21558, 1.21538, 1.21543, 1.21532]","[-1.0558333333333334, -1.05592, -1.05586, -1.056, -1.05587, -1.0559, -1.0558]","[7.0, 1.0, 1.0, 1.0, 1.0, 1.0, nan]","[0.0, 0.0, 0.0, 0.0, 0.0, 0.0, nan]","[nan, 'SPEC', nan, nan, nan, nan, 'PHOT']","[nan, 1.681, nan, nan, nan, nan, 0.34]"
[MCM2012] SA122,333.27874999999995,-0.5102777777777778,"['S', 'N']",,,"['[MCM2012] SA122', 'SARCS 122']","['gLS', 'G']",,"[333.27874999999995, 333.27884]","[-0.5102777777777778, -0.51028]","[2.0, 2.0]","[0.0, 0.0]","[nan, 'SPEC']","[nan, 0.702469]"
[MCM2012] SA123,333.38291666666663,0.81,"['S', 'N']",,,"['[MCM2012] SA123', 'SARCS 123']","['gLS', 'G']",,"[333.38291666666663, 333.38269]","[0.81, 0.81002]","[4.0, 1.0]","[0.0, 0.0]","[nan, 'PHOT']","[nan, 1.0]"
[MCM2012] SA126,334.3725,-0.6436111111111111,"['S', 'N']",,,"['[MCM2012] SA126', 'SARCS 126']","['gLS', 'G']",,"[334.3725, 334.37238]","[-0.6436111111111111, -0.64351]","[1.0, 1.0]","[0.0, 0.0]","[nan, 'PHOT']","[nan, 0.78]"
[MCM2012] SA127,335.4320833333333,-0.8841666666666667,"['S', 'N']",,,"['[MCM2012] SA127', 'SARCS 127']","['gLS', 'G']",,"[335.4320833333333, 335.4322]","[-0.8841666666666667, -0.88414]","[4.0, 1.0]","[0.0, 0.0]","[nan, 'SPEC']","[nan, 0.334044]"
[MCM2012] SA125 lens,333.5784166666666,1.1760694444444446,"['S', 'N']",,,"['[MCM2012] SA125 lens', 'SARCS 125']","['gLe', 'UvS']",,"[333.5784166666666, 333.57825]","[1.1760694444444446, 1.17623]","[2.0, 2.0]","[0.0, 0.0]","[nan, 'PHOT']","[nan, 0.74]"
SDSS J015107.37+004908.9,27.780712499999996,0.8191583333333333,"['S', 'S']",,,"['SDSS J015107.37+004908.9', '[BBS2012] SDSS J0151+0049']","['gLe', 'gLS']",,"[27.780712499999996, 27.780712499999996]","[0.8191583333333333, 0.8191583333333333]","[2.0, 4.0]","[0.0, 0.0]","[nan, nan]","[nan, nan]"
[BBS2012] SDSS J2303+0037,345.8965375,0.61755,['S'],,,['[BBS2012] SDSS J2303+0037'],['gLS'],,[345.8965375],[0.61755],[4.0],[0.0],[nan],[nan]
HerS J020941.1+001557,32.42195833333333,0.26622222222222225,"['S', 'S']",,,"['HerS J020941.1+001557', 'VIRTUAL PARENT SDSS J0209+0015']","['LeG', 'gLS']",,"[32.42195833333333, 32.42195833333333]","[0.26622222222222225, 0.26622222222222225]","[6.0, 0.0]","[0.0, 0.0]","[nan, nan]","[nan, nan]"
[ATO2015] DES J2146-0047 A,326.69183333333325,-0.7956388888888889,"['S', 'S', 'S', 'N', 'N']",,,"['[ATO2015] DES J2146-0047 A', '[MOK2016] SDSS J2146-0047', '[MOK2016] SDSS J2146-0047 G', 'DES J2146-0047:[ATO2015] A', 'SDSS J2146-0047:[MOK2016] A']","['LeQ', 'gLS', 'gLe', 'Q_Lens', 'G_Lens']",,"[326.69183333333325, 326.69179166666663, 326.69174999999996, 326.69183, 326.69177]","[-0.7956388888888889, -0.7956388888888889, -0.7957833333333333, -0.79564, -0.79558]","[1.0, 1.0, 1.0, 1.0, 1.0]","[0.0, 0.0, 0.0, 0.0, 0.0]","[nan, nan, nan, nan, nan]","[nan, nan, nan, nan, nan]"
SL2S J221045-005918,332.6891666666666,-0.9883333333333333,['S'],,,['SL2S J221045-005918'],['gLe'],,[332.6891666666666],[-0.9883333333333333],[1.0],[0.0],[nan],[nan]
DES J0250-0008,42.534995833333326,0.13795,"['S', 'S']",,,"['DES J0250-0008', '[NBL2016] DES J0250-0008 lens']","['gLS', 'gLe']",,"[42.534995833333326, 42.534995833333326]","[0.13795, 0.13795]","[1.0, 1.0]","[0.0, 0.0]","[nan, nan]","[nan, nan]"
[ACS2016] HELMS RED 3,9.873333333333333,0.40722222222222226,['S'],,,['[ACS2016] HELMS RED 3'],['LeG'],,[9.873333333333333],[0.40722222222222226],[3.0],[0.0],[nan],[nan]
[NKC2016] HELMS14,9.082499999999998,0.40555555555555556,['S'],,,['[NKC2016] HELMS14'],['LeG'],,[9.082499999999998],[0.40555555555555556],[1.0],[0.0],[nan],[nan]
[NKC2016] HELMS23,14.671666666666665,-1.1969444444444444,['S'],,,['[NKC2016] HELMS23'],['LeG'],,[14.671666666666665],[-1.1969444444444444],[1.0],[0.0],[nan],[nan]
[ACS2016] HELMS RED 7,9.558749999999998,-0.38111111111111107,['S'],,,['[ACS2016] HELMS RED 7'],['LeG'],,[9.558749999999998],[-0.38111111111111107],[3.0],[0.0],[nan],[nan]
[NKC2016] HELMS25,10.35,-1.0519444444444446,['S'],,,['[NKC2016] HELMS25'],['LeG'],,[10.35],[-1.0519444444444446],[1.0],[0.0],[nan],[nan]
[NKC2016] HELMS27,9.491666666666665,-1.1061111111111113,['S'],,,['[NKC2016] HELMS27'],['LeG'],,[9.491666666666665],[-1.1061111111111113],[1.0],[0.0],[nan],[nan]
[NKC2016] HELMS34,6.83125,0.20111111111111113,['S'],,,['[NKC2016] HELMS34'],['LeG'],,[6.83125],[0.20111111111111113],[1.0],[0.0],[nan],[nan]
[NKC2016] HELMS35,351.25041666666664,-0.9452777777777778,['S'],,,['[NKC2016] HELMS35'],['LeG'],,[351.25041666666664],[-0.9452777777777778],[1.0],[0.0],[nan],[nan]
[NKC2016] HELMS43,353.585,-0.5827777777777777,['S'],,,['[NKC2016] HELMS43'],['LeG'],,[353.585],[-0.5827777777777777],[1.0],[0.0],[nan],[nan]
[NKC2016] HELMS52,354.36291666666665,-0.3952777777777778,['S'],,,['[NKC2016] HELMS52'],['LeG'],,[354.36291666666665],[-0.3952777777777778],[1.0],[0.0],[nan],[nan]
[ACS2016] HELMS RED 23,11.385833333333332,-0.023055555555555555,['S'],,,['[ACS2016] HELMS RED 23'],['LeG'],,[11.385833333333332],[-0.023055555555555555],[3.0],[0.0],[nan],[nan]
[NKC2016] HELMS55,352.13249999999994,-0.6763888888888888,['S'],,,['[NKC2016] HELMS55'],['LeG'],,[352.13249999999994],[-0.6763888888888888],[1.0],[0.0],[nan],[nan]
[NKC2016] HERS2,20.17333333333333,-0.4513888888888889,['S'],,,['[NKC2016] HERS2'],['LeG'],,[20.17333333333333],[-0.4513888888888889],[1.0],[0.0],[nan],[nan]
[NKC2016] HERS3,21.975416666666664,0.8277777777777777,['S'],,,['[NKC2016] HERS3'],['LeG'],,[21.975416666666664],[0.8277777777777777],[1.0],[0.0],[nan],[nan]
[NKC2016] HERS4,19.16708333333333,-0.08166666666666667,['S'],,,['[NKC2016] HERS4'],['LeG'],,[19.16708333333333],[-0.08166666666666667],[1.0],[0.0],[nan],[nan]
[NKC2016] HERS6,15.754999999999999,-0.5502777777777779,['S'],,,['[NKC2016] HERS6'],['LeG'],,[15.754999999999999],[-0.5502777777777779],[1.0],[0.0],[nan],[nan]
[NKC2016] HERS7,15.390833333333331,0.5325000000000001,['S'],,,['[NKC2016] HERS7'],['LeG'],,[15.390833333333331],[0.5325000000000001],[1.0],[0.0],[nan],[nan]
[NKC2016] HERS10,19.34291666666666,0.9400000000000001,['S'],,,['[NKC2016] HERS10'],['LeG'],,[19.34291666666666],[0.9400000000000001],[1.0],[0.0],[nan],[nan]
[NKC2016] HERS11,14.697083333333332,-1.0047222222222223,['S'],,,['[NKC2016] HERS11'],['LeG'],,[14.697083333333332],[-1.0047222222222223],[1.0],[0.0],[nan],[nan]
[NKC2016] HERS12,21.442916666666665,-0.19527777777777777,['S'],,,['[NKC2016] HERS12'],['LeG'],,[21.442916666666665],[-0.19527777777777777],[1.0],[0.0],[nan],[nan]
[NKC2016] HERS14,25.238749999999992,-1.0963888888888889,['S'],,,['[NKC2016] HERS14'],['LeG'],,[25.238749999999992],[-1.0963888888888889],[1.0],[0.0],[nan],[nan]
[NKC2016] HERS15,20.27875,0.5825,['S'],,,['[NKC2016] HERS15'],['LeG'],,[20.27875],[0.5825],[1.0],[0.0],[nan],[nan]
[NKC2016] HERS16,33.64333333333333,0.9905555555555555,['S'],,,['[NKC2016] HERS16'],['LeG'],,[33.64333333333333],[0.9905555555555555],[1.0],[0.0],[nan],[nan]
[NKC2016] HERS17,33.51083333333333,-0.77,['S'],,,['[NKC2016] HERS17'],['LeG'],,[33.51083333333333],[-0.77],[1.0],[0.0],[nan],[nan]
[NKC2016] HERS18,23.05083333333333,0.29833333333333334,['S'],,,['[NKC2016] HERS18'],['LeG'],,[23.05083333333333],[0.29833333333333334],[1.0],[0.0],[nan],[nan]
[NKC2016] HERS19,31.37125,0.08361111111111111,['S'],,,['[NKC2016] HERS19'],['LeG'],,[31.37125],[0.08361111111111111],[1.0],[0.0],[nan],[nan]
[NKC2016] HERS20,15.692083333333333,1.0952777777777778,['S'],,,['[NKC2016] HERS20'],['LeG'],,[15.692083333333333],[1.0952777777777778],[1.0],[0.0],[nan],[nan]
[SBK2016] SDSS J2245+0040 system,341.27470416666665,0.671761111111111,"['S', 'S']",,,"['[SBK2016] SDSS J2245+0040 system', '[SBK2016] SDSS J2245+0040 source']","['gLS', 'LeG']",,"[341.27470416666665, 341.27470416666665]","[0.671761111111111, 0.671761111111111]","[2.0, 1.0]","[0.0, 0.0]","[nan, nan]","[nan, nan]"
[SBK2016] SDSS J0057+0016 system,14.472162499999998,0.2668611111111111,"['S', 'S']",,,"['[SBK2016] SDSS J0057+0016 system', '[SBK2016] SDSS J0057+0016 source']","['gLS', 'LeG']",,"[14.472162499999998, 14.472162499999998]","[0.2668611111111111, 0.2668611111111111]","[1.0, 1.0]","[0.0, 0.0]","[nan, nan]","[nan, nan]"
[SBK2016] SDSS J0151+0055 system,27.908816666666667,0.9331166666666666,"['S', 'S']",,,"['[SBK2016] SDSS J0151+0055 system', '[SBK2016] SDSS J0151+0055 source']","['gLS', 'LeG']",,"[27.908816666666667, 27.908816666666667]","[0.9331166666666666, 0.9331166666666666]","[1.0, 1.0]","[0.0, 0.0]","[nan, nan]","[nan, nan]"
[SBK2016] SDSS J0151-0000 system,27.938974999999996,-0.00035833333333333333,"['S', 'S']",,,"['[SBK2016] SDSS J0151-0000 system', '[SBK2016] SDSS J0151-0000 source']","['gLS', 'LeG']",,"[27.938974999999996, 27.938974999999996]","[-0.00035833333333333333, -0.00035833333333333333]","[1.0, 1.0]","[0.0, 0.0]","[nan, nan]","[nan, nan]"
[SBK2016] SDSS J0217-0022 system,34.4250875,-0.36846666666666666,"['S', 'S']",,,"['[SBK2016] SDSS J0217-0022 system', '[SBK2016] SDSS J0217-0022 source']","['gLS', 'LeG']",,"[34.4250875, 34.4250875]","[-0.36846666666666666, -0.36846666666666666]","[1.0, 1.0]","[0.0, 0.0]","[nan, nan]","[nan, nan]"
[SBK2016] SDSS J2120-0009 system,320.1984999999999,-0.15314166666666665,"['S', 'S']",,,"['[SBK2016] SDSS J2120-0009 system', '[SBK2016] SDSS J2120-0009 source']","['gLS', 'LeG']",,"[320.1984999999999, 320.1984999999999]","[-0.15314166666666665, -0.15314166666666665]","[1.0, 1.0]","[0.0, 0.0]","[nan, nan]","[nan, nan]"
[SBK2016] SDSS J2314-0110 system,348.5751208333333,-1.1741666666666668,"['S', 'S']",,,"['[SBK2016] SDSS J2314-0110 system', '[SBK2016] SDSS J2314-0110 source']","['gLS', 'LeG']",,"[348.5751208333333, 348.5751208333333]","[-1.1741666666666668, -1.1741666666666668]","[1.0, 1.0]","[0.0, 0.0]","[nan, nan]","[nan, nan]"
[RER2016] MACSJ2135-0509,323.7954166666666,-1.0533333333333335,['S'],,,['[RER2016] MACSJ2135-0509'],['LeG'],,[323.7954166666666],[-1.0533333333333335],[1.0],[0.0],[nan],[nan]
[RER2016] MACSJ2135-0763,323.7843333333333,-1.0447222222222223,['S'],,,['[RER2016] MACSJ2135-0763'],['LeG'],,[323.7843333333333],[-1.0447222222222223],[1.0],[0.0],[nan],[nan]
[RER2016] MACSJ2135-1078,323.81174999999996,-1.0402777777777779,['S'],,,['[RER2016] MACSJ2135-1078'],['LeG'],,[323.81174999999996],[-1.0402777777777779],[1.0],[0.0],[nan],[nan]
[H2019] SDSS J001849.64-004914.4 system,4.706833333333333,-0.8206666666666667,"['S', 'S']",,,"['[H2019] SDSS J001849.64-004914.4 system', '[H2019] SDSS J001849.64-004914.4 source']","['gLS', 'LeG']",,"[4.706833333333333, 4.706833333333333]","[-0.8206666666666667, -0.8206666666666667]","[1.0, 1.0]","[0.0, 0.0]","[nan, nan]","[nan, nan]"
[H2019] SDSS J012955.90+000812.4 system,22.482916666666664,0.13677777777777778,"['S', 'S']",,,"['[H2019] SDSS J012955.90+000812.4 system', '[H2019] SDSS J012955.90+000812.4 source']","['gLS', 'LeG']",,"[22.482916666666664, 22.482916666666664]","[0.13677777777777778, 0.13677777777777778]","[1.0, 1.0]","[0.0, 0.0]","[nan, nan]","[nan, nan]"
[H2019] SDSS J013630.38+003717.4 system,24.126583333333333,0.6215,"['S', 'S']",,,"['[H2019] SDSS J013630.38+003717.4 system', '[H2019] SDSS J013630.38+003717.4 source']","['gLS', 'LeG']",,"[24.126583333333333, 24.126583333333333]","[0.6215, 0.6215]","[1.0, 1.0]","[0.0, 0.0]","[nan, nan]","[nan, nan]"
[H2019] SDSS J034155.80-001255.1 system,55.482499999999995,-0.21530555555555556,"['S', 'S']",,,"['[H2019] SDSS J034155.80-001255.1 system', '[H2019] SDSS J034155.80-001255.1 source']","['gLS', 'LeG']",,"[55.482499999999995, 55.482499999999995]","[-0.21530555555555556, -0.21530555555555556]","[1.0, 1.0]","[0.0, 0.0]","[nan, nan]","[nan, nan]"
ULAS J234311.93-005034.0B,355.79963,-0.84298,['N'],,,['ULAS J234311.93-005034.0B'],['Q_Lens'],,[355.79963],[-0.84298],[1.0],[1.0],['    '],[0.788]
ULAS J234311.93-005034.0A,355.79998,-0.84282,['N'],,,['ULAS J234311.93-005034.0A'],['Q_Lens'],,[355.79998],[-0.84282],[1.0],[1.0],['    '],[0.788]
MACS J2135-0102:[ZB2016] 1.02,323.79839,-1.04787,['N'],,,['MACS J2135-0102:[ZB2016] 1.02'],['G_Lens'],,[323.79839],[-1.04787],[211.0],[0.0],[nan],[nan]
SL2S J221929-001743,334.87083,-0.29528,['N'],,,['SL2S J221929-001743'],['G'],,[334.87083],[-0.29528],[7.0],[0.0],['UUN '],[0.289]
Cosmic Eye,323.80296,-1.02886,['N'],,,['Cosmic Eye'],['G'],,[323.80296],[-1.02886],[1.0],[0.0],['SPEC'],[3.0735]
RX J2129.6+0005:[RSK2010] 1.1,322.4204,0.0883,['N'],,,['RX J2129.6+0005:[RSK2010] 1.1'],['G_Lens'],,[322.4204],[0.0883],[4.0],[0.0],['    '],[1.965]
RX J2129.6+0005:[RSK2010] 1.2,322.42018,0.08972,['N'],,,['RX J2129.6+0005:[RSK2010] 1.2'],['G_Lens'],,[322.42018],[0.08972],[4.0],[0.0],['    '],[1.965]
RX J2129.6+0005:[RSK2010] 1.3,322.41798,0.09325,['N'],,,['RX J2129.6+0005:[RSK2010] 1.3'],['G_Lens'],,[322.41798],[0.09325],[3.0],[0.0],['PHOT'],[1.45]
SDSS J2111-0114:[BHG2011] C1,317.83081,-1.24449,['N'],,,['SDSS J2111-0114:[BHG2011] C1'],['G_Lens'],,[317.83081],[-1.24449],[1.0],[0.0],['    '],[1.152]
SDSS J2111-0114:[BHG2011] B1,317.83301,-1.23233,['N'],,,['SDSS J2111-0114:[BHG2011] B1'],['G_Lens'],,[317.83301],[-1.23233],[1.0],[0.0],['    '],[1.476]
SDSS J2111-0115:[OHG2009] A2,317.82896,-1.24192,"['N', 'N']",,,"['SDSS J2111-0115:[OHG2009] A2', 'SDSS J2111-0114:[SBD2020] 1d.1']","['G_Lens', 'G_Lens']",,"[317.82896, 317.8287]","[-1.24192, -1.24201]","[7.0, 1.0]","[0.0, 0.0]","['SPEC', nan]","[2.856, nan]"
SDSS J2111-0115:[OHG2009] A3,317.83446,-1.24217,['N'],,,['SDSS J2111-0115:[OHG2009] A3'],['G_Lens'],,[317.83446],[-1.24217],[1.0],[0.0],[':   '],[2.858]
DES J2146-0047:[ATO2015] B,326.69179,-0.79601,"['N', 'N']",,,"['DES J2146-0047:[ATO2015] B', 'SDSS J2146-0047:[MOK2016] B']","['Q_Lens', 'G_Lens']",,"[326.69179, 326.69174]","[-0.79601, -0.79597]","[1.0, 1.0]","[0.0, 0.0]","[nan, nan]","[nan, nan]"
RX J2129.7+0005:[ZFM2015] 02.1,322.41854,0.08489,['N'],,,['RX J2129.7+0005:[ZFM2015] 02.1'],['G_Lens'],,[322.41854],[0.08489],[1.0],[0.0],['PHOT'],[1.54]
RX J2129.7+0005:[ZFM2015] 02.2,322.41695,0.09031,['N'],,,['RX J2129.7+0005:[ZFM2015] 02.2'],['G_Lens'],,[322.41695],[0.09031],[1.0],[0.0],['PHOT'],[0.99]
RX J2129.7+0005:[ZFM2015] 02.3,322.4159,0.0915,['N'],,,['RX J2129.7+0005:[ZFM2015] 02.3'],['G_Lens'],,[322.4159],[0.0915],[1.0],[0.0],['PHOT'],[1.12]
RX J2129.7+0005:[ZFM2015] 03.1,322.4185,0.08547,['N'],,,['RX J2129.7+0005:[ZFM2015] 03.1'],['G_Lens'],,[322.4185],[0.08547],[2.0],[0.0],['PHOT'],[0.72]
RX J2129.7+0005:[ZFM2015] 03.2,322.41767,0.09027,['N'],,,['RX J2129.7+0005:[ZFM2015] 03.2'],['G_Lens'],,[322.41767],[0.09027],[2.0],[0.0],['PHOT'],[0.42]
RX J2129.7+0005:[ZFM2015] 03.3,322.41572,0.09222,['N'],,,['RX J2129.7+0005:[ZFM2015] 03.3'],['G_Lens'],,[322.41572],[0.09222],[2.0],[0.0],['PHOT'],[1.39]
RX J2129.7+0005:[ZFM2015] 05.1,322.41659,0.08774,['N'],,,['RX J2129.7+0005:[ZFM2015] 05.1'],['G_Lens'],,[322.41659],[0.08774],[2.0],[0.0],['PRED'],[1.01]
RX J2129.7+0005:[ZFM2015] 05.2,322.41627,0.0881,['N'],,,['RX J2129.7+0005:[ZFM2015] 05.2'],['G_Lens'],,[322.41627],[0.0881],[2.0],[0.0],['PRED'],[1.01]
RX J2129.7+0005:[ZFM2015] 05.3,322.41388,0.09157,['N'],,,['RX J2129.7+0005:[ZFM2015] 05.3'],['G_Lens'],,[322.41388],[0.09157],[3.0],[0.0],['PHOT'],[0.55]
RX J2129.7+0005:[ZFM2015] 06.1,322.41491,0.09041,['N'],,,['RX J2129.7+0005:[ZFM2015] 06.1'],['G_Lens'],,[322.41491],[0.09041],[1.0],[0.0],['PRED'],[0.61]
RX J2129.7+0005:[ZFM2015] 06.2,322.41518,0.08895,['N'],,,['RX J2129.7+0005:[ZFM2015] 06.2'],['G_Lens'],,[322.41518],[0.08895],[1.0],[0.0],['PRED'],[0.61]
RX J2129.7+0005:[ZFM2015] 06.3,322.41664,0.08675,['N'],,,['RX J2129.7+0005:[ZFM2015] 06.3'],['G_Lens'],,[322.41664],[0.08675],[1.0],[0.0],['PRED'],[0.61]
DES J0250+0008:[NBL2016] A,42.53708,0.13722,['N'],,,['DES J0250+0008:[NBL2016] A'],['G_Lens'],,[42.53708],[0.13722],[1.0],[0.0],['1LIN'],[1.2081]
DES J0250+0008:[NBL2016] B,42.53479,0.13891,['N'],,,['DES J0250+0008:[NBL2016] B'],['G_Lens'],,[42.53479],[0.13891],[1.0],[0.0],[nan],[nan]
EEL J2228 BG,337.17,-0.30468,['N'],,,['EEL J2228 BG'],['G_Lens'],,[337.17],[-0.30468],[3.0],[0.0],['    '],[0.4366]
SDSS J0004-0103:[SBD2020] 1a.2,1.21514,-1.05576,"['N', 'N', 'N']",,,"['SDSS J0004-0103:[SBD2020] 1a.2', 'SDSS J0004-0103:[SBD2020] 1b.2', 'SDSS J0004-0103:[SBD2020] 1c.2']","['G_Lens', 'G_Lens', 'G_Lens']",,"[1.21514, 1.21528, 1.21522]","[-1.05576, -1.05567, -1.05572]","[1.0, 1.0, 1.0]","[0.0, 0.0, 0.0]","[nan, nan, nan]","[nan, nan, nan]"
SDSS J0004-0103:[SBD2020] 1a.3,1.21487,-1.05552,['N'],,,['SDSS J0004-0103:[SBD2020] 1a.3'],['G_Lens'],,[1.21487],[-1.05552],[1.0],[0.0],[nan],[nan]
SDSS J0004-0103:[SBD2020] 1b.1,1.21582,-1.05591,"['N', 'N']",,,"['SDSS J0004-0103:[SBD2020] 1b.1', 'SDSS J0004-0103:[SBD2020] 1c.3']","['G_Lens', 'G_Lens']",,"[1.21582, 1.21569]","[-1.05591, -1.05594]","[1.0, 1.0]","[0.0, 0.0]","[nan, nan]","[nan, nan]"
SDSS J0004-0103:[SBD2020] 1b.3,1.2148,-1.05519,"['N', 'N', 'N', 'N']",,,"['SDSS J0004-0103:[SBD2020] 1b.3', 'SDSS J0004-0103:[SBD2020] 1c.1', 'DES J0004-0103:[DBL2017] 2', 'SDSS J0004-0103:[SBD2020] 1.3']","['G_Lens', 'G_Lens', 'G_Lens', 'G_Lens']",,"[1.2148, 1.2148, 1.21478, 1.21476]","[-1.05519, -1.05531, -1.05536, -1.05537]","[1.0, 1.0, 1.0, nan]","[0.0, 0.0, 0.0, nan]","[nan, nan, 'PHOT', nan]","[nan, nan, 0.45, nan]"
SDSS J2111-0115:[OHG2009] A1,317.82788,-1.24111,['N'],,,['SDSS J2111-0115:[OHG2009] A1'],['G_Lens'],,[317.82788],[-1.24111],[1.0],[0.0],['SPEC'],[2.858]
SDSS J2111-0115:[OHG2009] B2,317.82842,-1.24167,"['N', 'N', 'N']",,,"['SDSS J2111-0115:[OHG2009] B2', 'SDSS J2111-0114:[SBD2020] 1b.1', 'SDSS J2111-0114:[SBD2020] 1b.2']","['G_Lens', 'G_Lens', 'G_Lens']",,"[317.82842, 317.82834, 317.82845]","[-1.24167, -1.24177, -1.24186]","[1.0, 1.0, 1.0]","[0.0, 0.0, 0.0]","[nan, nan, nan]","[nan, nan, nan]"
SDSS J2111-0115:[OHG2009] B1,317.82829,-1.24142,['N'],,,['SDSS J2111-0115:[OHG2009] B1'],['G_Lens'],,[317.82829],[-1.24142],[1.0],[0.0],[nan],[nan]
SGAS J211118.9-011431,317.82917,-1.24222,"['N', 'N']",,,"['SGAS J211118.9-011431', 'SDSS J2111-0114:[SBD2020] 1c.1']","['G_Lens', 'G_Lens']",,"[317.82917, 317.82891]","[-1.24222, -1.24225]","[1.0, nan]","[0.0, nan]","['SPEC', nan]","[2.859, nan]"
SDSS J2111-0114:[SBD2020] 1c.2,317.82794,-1.24159,"['N', 'N']",,,"['SDSS J2111-0114:[SBD2020] 1c.2', 'SDSS J2111-0114:[SBD2020] 1d.2']","['G_Lens', 'G_Lens']",,"[317.82794, 317.82812]","[-1.24159, -1.24158]","[1.0, 1.0]","[0.0, 0.0]","[nan, nan]","[nan, nan]"
SDSS J2111-0114:[SBD2020] 2.1,317.83386,-1.24121,['N'],,,['SDSS J2111-0114:[SBD2020] 2.1'],['G_Lens'],,[317.83386],[-1.24121],[1.0],[0.0],[nan],[nan]
SDSS J2111-0114:[SBD2020] 2.2,317.83274,-1.24178,['N'],,,['SDSS J2111-0114:[SBD2020] 2.2'],['G_Lens'],,[317.83274],[-1.24178],[1.0],[0.0],[nan],[nan]
SDSS J2111-0115:[OHG2009] C1,317.82708,-1.24094,['N'],,,['SDSS J2111-0115:[OHG2009] C1'],['G_Lens'],,[317.82708],[-1.24094],[1.0],[0.0],['PHOT'],[0.19]
SDSS J2111-0115:[OHG2009] C2,317.83071,-1.24278,['N'],,,['SDSS J2111-0115:[OHG2009] C2'],['G_Lens'],,[317.83071],[-1.24278],[1.0],[0.0],[nan],[nan]
SDSS J2111-0115:[OHG2009] C3,317.83387,-1.24244,['N'],,,['SDSS J2111-0115:[OHG2009] C3'],['G_Lens'],,[317.83387],[-1.24244],[1.0],[0.0],['SPEC'],[2.856]
RCS J0224-0002:[SSM2017] A01,36.14083,-0.03824,['N'],,,['RCS J0224-0002:[SSM2017] A01'],['G_Lens'],,[36.14083],[-0.03824],[1.0],[0.0],['    '],[4.88]
RCS J0224-0002:[SSM2017] A02,36.13983,-0.03901,['N'],,,['RCS J0224-0002:[SSM2017] A02'],['G_Lens'],,[36.13983],[-0.03901],[1.0],[0.0],['    '],[4.88]
RCS J0224-0002:[SSM2017] A03,36.13874,-0.04075,['N'],,,['RCS J0224-0002:[SSM2017] A03'],['G_Lens'],,[36.13874],[-0.04075],[1.0],[0.0],['    '],[4.88]
[SBS2007] R1,36.14361,-0.04299,['N'],,,['[SBS2007] R1'],['G_Lens'],,[36.14361],[-0.04299],[1.0],[0.0],['1LIN'],[4.879]
RCS J0224-0002:[SSM2017] B01,36.14475,-0.04237,['N'],,,['RCS J0224-0002:[SSM2017] B01'],['G_Lens'],,[36.14475],[-0.04237],[1.0],[0.0],['SPEC'],[2.395]
RCS J0224-0002:[SSM2017] B02,36.14509,-0.04123,['N'],,,['RCS J0224-0002:[SSM2017] B02'],['G_Lens'],,[36.14509],[-0.04123],[1.0],[0.0],['SPEC'],[2.395]
RCS J0224-0002:[SSM2017] B03,36.14368,-0.03954,['N'],,,['RCS J0224-0002:[SSM2017] B03'],['G_Lens'],,[36.14368],[-0.03954],[1.0],[0.0],['SPEC'],[2.395]
RCS J0224-0002:[SSM2017] B04,36.14166,-0.03989,['N'],,,['RCS J0224-0002:[SSM2017] B04'],['G_Lens'],,[36.14166],[-0.03989],[1.0],[0.0],['SPEC'],[2.395]
RCS J0224-0002:[SSM2017] B05,36.14032,-0.04356,['N'],,,['RCS J0224-0002:[SSM2017] B05'],['G_Lens'],,[36.14032],[-0.04356],[1.0],[0.0],['SPEC'],[2.395]
RCS J0224-0002:[SSM2017] B06,36.14247,-0.04186,['N'],,,['RCS J0224-0002:[SSM2017] B06'],['G_Lens'],,[36.14247],[-0.04186],[1.0],[0.0],['SPEC'],[2.395]
RCS J0224-0002:[SSM2017] C01,36.14525,-0.03784,['N'],,,['RCS J0224-0002:[SSM2017] C01'],['G_Lens'],,[36.14525],[-0.03784],[1.0],[0.0],['1LIN'],[5.498]
RCS J0224-0002:[SSM2017] C02,36.14174,-0.04342,['N'],,,['RCS J0224-0002:[SSM2017] C02'],['G_Lens'],,[36.14174],[-0.04342],[1.0],[0.0],['1LIN'],[5.498]
RCS J0224-0002:[SSM2017] D01,36.13902,-0.04316,['N'],,,['RCS J0224-0002:[SSM2017] D01'],['G_Lens'],,[36.13902],[-0.04316],[1.0],[0.0],[nan],[nan]
RCS J0224-0002:[SSM2017] D02,36.1428,-0.03824,['N'],,,['RCS J0224-0002:[SSM2017] D02'],['G_Lens'],,[36.1428],[-0.03824],[1.0],[0.0],[nan],[nan]
RCS J0224-0002:[SSM2017] D03,36.1405,-0.03921,['N'],,,['RCS J0224-0002:[SSM2017] D03'],['G_Lens'],,[36.1405],[-0.03921],[1.0],[0.0],[nan],[nan]
DES J0014-0057:[OWD2022] 1,3.72879,-0.95102,['N'],,,['DES J0014-0057:[OWD2022] 1'],['G_Lens'],,[3.72879],[-0.95102],[nan],[nan],['PLE '],[0.54]
DES J0032+0100:[OWD2022] 2,8.07151,1.01157,['N'],,,['DES J0032+0100:[OWD2022] 2'],['G_Lens'],,[8.07151],[1.01157],[nan],[nan],[nan],[nan]
DES J0032+0100:[OWD2022] 1,8.07204,1.00909,['N'],,,['DES J0032+0100:[OWD2022] 1'],['G_Lens'],,[8.07204],[1.00909],[nan],[nan],['PLE '],[0.23]
DES J0044-0055:[OWD2022] 2,11.15391,-0.92368,['N'],,,['DES J0044-0055:[OWD2022] 2'],['G_Lens'],,[11.15391],[-0.92368],[nan],[nan],['PLE '],[0.53]
DES J0044-0055:[OWD2022] 1,11.15549,-0.91989,['N'],,,['DES J0044-0055:[OWD2022] 1'],['G_Lens'],,[11.15549],[-0.91989],[nan],[nan],['PLE '],[0.07]
SDSS J015241.01+010020.6,28.17091,1.00572,['N'],,,['SDSS J015241.01+010020.6'],['G_Lens'],,[28.17091],[1.00572],[nan],[nan],['SLS '],[0.2249]
ABELL 0267:[SKS2005] E02a,28.17249,1.00456,['N'],,,['ABELL 0267:[SKS2005] E02a'],['G_Lens'],,[28.17249],[1.00456],[nan],[nan],[nan],[nan]
HeCS J015241.47+010043.0,28.17254,1.01171,['N'],,,['HeCS J015241.47+010043.0'],['G'],,[28.17254],[1.01171],[nan],[nan],['SLS '],[0.224828]
WISEA J015242.83+010054.5,28.17871,1.01526,['N'],,,['WISEA J015242.83+010054.5'],['G_Lens'],,[28.17871],[1.01526],[nan],[nan],['SPEC'],[0.231959]
ABELL 0267:[STE2005] E0,28.18104,1.01069,['N'],,,['ABELL 0267:[STE2005] E0'],['G_Lens'],,[28.18104],[1.01069],[nan],[nan],[nan],[nan]
DES J0158-0040:[OWD2022] 1,29.60248,-0.66672,['N'],,,['DES J0158-0040:[OWD2022] 1'],['G_Lens'],,[29.60248],[-0.66672],[nan],[nan],[nan],[nan]
DES J0158-0040:[OWD2022] 2,29.60315,-0.66769,['N'],,,['DES J0158-0040:[OWD2022] 2'],['G_Lens'],,[29.60315],[-0.66769],[nan],[nan],[nan],[nan]
DES J0206-0114:[OWD2022] 2,31.55546,-1.23847,['N'],,,['DES J0206-0114:[OWD2022] 2'],['G_Lens'],,[31.55546],[-1.23847],[nan],[nan],[nan],[nan]
DES J0206-0114:[OWD2022] 1,31.55657,-1.23846,['N'],,,['DES J0206-0114:[OWD2022] 1'],['G_Lens'],,[31.55657],[-1.23846],[nan],[nan],[nan],[nan]
RCS J0224.5-0002:[STE2005] A3,36.12438,-0.04281,['N'],,,['RCS J0224.5-0002:[STE2005] A3'],['G_Lens'],,[36.12438],[-0.04281],[nan],[nan],[nan],[nan]
RCS J0224.5-0002:[STE2005] R1,36.12575,-0.03953,['N'],,,['RCS J0224.5-0002:[STE2005] R1'],['G_Lens'],,[36.12575],[-0.03953],[nan],[nan],['    '],[1.055]
RCS J0224.5-0002:[STE2005] C,36.12592,-0.0445,['N'],,,['RCS J0224.5-0002:[STE2005] C'],['G_Lens'],,[36.12592],[-0.0445],[nan],[nan],['    '],[4.879]
RCS J0224.5-0002:[STE2005] A2,36.12671,-0.03886,['N'],,,['RCS J0224.5-0002:[STE2005] A2'],['G_Lens'],,[36.12671],[-0.03886],[nan],[nan],[nan],[nan]
RCS J0224.5-0002:[STE2005] A1,36.128,-0.04128,['N'],,,['RCS J0224.5-0002:[STE2005] A1'],['G_Lens'],,[36.128],[-0.04128],[nan],[nan],[nan],[nan]
DES J0249-0048:[DBL2017] 1,42.2988,-0.814,['N'],,,['DES J0249-0048:[DBL2017] 1'],['G_Lens'],,[42.2988],[-0.814],[nan],[nan],[nan],[nan]
CFRS 03.1077 ARC,45.63,0.10058,['N'],,,['CFRS 03.1077 ARC'],['Q_Lens'],,[45.63],[0.10058],[nan],[nan],['    '],[2.941]
SDSS J2111-0115:[OHG2009] B3,317.83521,-1.24158,['N'],,,['SDSS J2111-0115:[OHG2009] B3'],['G_Lens'],,[317.83521],[-1.24158],[nan],[nan],['SPEC'],[2.856]
DES J2113-0114:[DBL2017] 1,318.48397,-1.24061,['N'],,,['DES J2113-0114:[DBL2017] 1'],['G_Lens'],,[318.48397],[-1.24061],[nan],[nan],['PHOT'],[0.31]
DES J2114+0002:[DBL2017] 2,318.60972,0.04947,['N'],,,['DES J2114+0002:[DBL2017] 2'],['G_Lens'],,[318.60972],[0.04947],[nan],[nan],['PHOT'],[0.44]
DES J2114+0002:[DBL2017] 1,318.61018,0.0496,['N'],,,['DES J2114+0002:[DBL2017] 1'],['G_Lens'],,[318.61018],[0.0496],[nan],[nan],['PHOT'],[0.57]
DES J2119+0030:[DBL2017] 1,319.85479,0.50211,['N'],,,['DES J2119+0030:[DBL2017] 1'],['G_Lens'],,[319.85479],[0.50211],[nan],[nan],['PHOT'],[0.12]
DES J2122-0059:[DBL2017] 1,320.7172,-0.9978,['N'],,,['DES J2122-0059:[DBL2017] 1'],['G_Lens'],,[320.7172],[-0.9978],[nan],[nan],[nan],[nan]
RX J2129.7+0005:[ZFM2015]c07.2,322.40774,0.0832,['N'],,,['RX J2129.7+0005:[ZFM2015]c07.2'],['G_Lens'],,[322.40774],[0.0832],[nan],[nan],[nan],[nan]
RX J2129.7+0005:[ZFM2015]c07.1,322.40788,0.08278,['N'],,,['RX J2129.7+0005:[ZFM2015]c07.1'],['G_Lens'],,[322.40788],[0.08278],[nan],[nan],[nan],[nan]
WISEA J212942.90+000629.3,322.4288,0.1081,['N'],,,['WISEA J212942.90+000629.3'],['G'],,[322.4288],[0.1081],[nan],[nan],['SLS '],[0.22766]
MACS J2135-0102:[ZB2016] 8.04,323.79142,-1.04747,['N'],,,['MACS J2135-0102:[ZB2016] 8.04'],['G_Lens'],,[323.79142],[-1.04747],[nan],[nan],['PHOT'],[1.65]
MACS J2135-0102:[ZB2016] 7.04,323.79173,-1.04674,['N'],,,['MACS J2135-0102:[ZB2016] 7.04'],['G_Lens'],,[323.79173],[-1.04674],[nan],[nan],['PHOT'],[1.53]
MACS J2135-0102:[ZB2016] 2.03,323.79183,-1.05518,['N'],,,['MACS J2135-0102:[ZB2016] 2.03'],['G_Lens'],,[323.79183],[-1.05518],[nan],[nan],['SPEC'],[2.319]
MACS J2135-0102:[ZB2016] c6.03,323.79583,-1.04398,['N'],,,['MACS J2135-0102:[ZB2016] c6.03'],['G_Lens'],,[323.79583],[-1.04398],[nan],[nan],['PHOT'],[1.67]
MACS J2135-0102:[ZB2016] 3.03,323.79694,-1.04168,['N'],,,['MACS J2135-0102:[ZB2016] 3.03'],['G_Lens'],,[323.79694],[-1.04168],[nan],[nan],['PHOT'],[1.29]
MACS J2135-0102:[ZB2016] 1.21,323.798,-1.04749,['N'],,,['MACS J2135-0102:[ZB2016] 1.21'],['G_Lens'],,[323.798],[-1.04749],[nan],[nan],[nan],[nan]
MACS J2135-0102:[ZB2016] 2.01,323.79825,-1.05966,['N'],,,['MACS J2135-0102:[ZB2016] 2.01'],['G_Lens'],,[323.79825],[-1.05966],[nan],[nan],['SPEC'],[2.319]
MACS J2135-0102:[ZB2016] 5.02,323.79827,-1.04687,['N'],,,['MACS J2135-0102:[ZB2016] 5.02'],['G_Lens'],,[323.79827],[-1.04687],[nan],[nan],['PHOT'],[1.82]
MACS J2135-0102:[ZB2016] 1.01,323.79881,-1.04822,['N'],,,['MACS J2135-0102:[ZB2016] 1.01'],['G_Lens'],,[323.79881],[-1.04822],[nan],[nan],[nan],[nan]
MACS J2135-0102:[ZB2016] 4.02,323.79885,-1.04766,['N'],,,['MACS J2135-0102:[ZB2016] 4.02'],['G_Lens'],,[323.79885],[-1.04766],[nan],[nan],[nan],[nan]
MACS J2135-0102:[ZB2016] 4.01,323.79901,-1.04791,['N'],,,['MACS J2135-0102:[ZB2016] 4.01'],['G_Lens'],,[323.79901],[-1.04791],[nan],[nan],['MOD '],[1.4]
MACS J2135-0102:[ZB2016] 1.11,323.79915,-1.04846,['N'],,,['MACS J2135-0102:[ZB2016] 1.11'],['G_Lens'],,[323.79915],[-1.04846],[nan],[nan],[nan],[nan]
MACS J2135-0102:[ZB2016] 5.01,323.79955,-1.04858,['N'],,,['MACS J2135-0102:[ZB2016] 5.01'],['G_Lens'],,[323.79955],[-1.04858],[nan],[nan],['MOD '],[3.0]
MACS J2135-0102:[ZB2016] 7.03,323.8008,-1.05398,['N'],,,['MACS J2135-0102:[ZB2016] 7.03'],['G_Lens'],,[323.8008],[-1.05398],[nan],[nan],[nan],[nan]
MACS J2135-0102:[ZB2016] 2.02,323.80081,-1.06033,['N'],,,['MACS J2135-0102:[ZB2016] 2.02'],['G_Lens'],,[323.80081],[-1.06033],[nan],[nan],['SPEC'],[2.319]
MACS J2135-0102:[ZB2016] 8.03,323.80081,-1.0546,['N'],,,['MACS J2135-0102:[ZB2016] 8.03'],['G_Lens'],,[323.80081],[-1.0546],[nan],[nan],[nan],[nan]
Cosmic Eye N,323.80284,-1.02859,['N'],,,['Cosmic Eye N'],['G_Lens'],,[323.80284],[-1.02859],[nan],[nan],['    '],[3.0744]
Cosmic Eye S,323.80295,-1.02914,['N'],,,['Cosmic Eye S'],['G_Lens'],,[323.80295],[-1.02914],[nan],[nan],['    '],[3.0747]
MACS J2135-0102:[ZB2016] 8.01,323.80383,-1.046,['N'],,,['MACS J2135-0102:[ZB2016] 8.01'],['G_Lens'],,[323.80383],[-1.046],[nan],[nan],['PHOT'],[1.5]
MACS J2135-0102:[ZB2016] 7.01,323.80433,-1.04571,['N'],,,['MACS J2135-0102:[ZB2016] 7.01'],['G_Lens'],,[323.80433],[-1.04571],[nan],[nan],['PHOT'],[1.81]
MACS J2135-0102:[ZB2016] 3.02,323.80453,1.04131,['N'],,,['MACS J2135-0102:[ZB2016] 3.02'],['G_Lens'],,[323.80453],[1.04131],[nan],[nan],['PHOT'],[1.39]
MACS J2135-0102:[ZB2016] 6.01,323.80496,-1.04681,['N'],,,['MACS J2135-0102:[ZB2016] 6.01'],['G_Lens'],,[323.80496],[-1.04681],[nan],[nan],['PHOT'],[1.52]
MACS J2135-0102:[ZB2016] 6.02,323.80615,-1.04914,['N'],,,['MACS J2135-0102:[ZB2016] 6.02'],['G_Lens'],,[323.80615],[-1.04914],[nan],[nan],['PHOT'],[1.65]
MACS J2135-0102:[ZB2016] 8.02,323.80659,-1.05431,['N'],,,['MACS J2135-0102:[ZB2016] 8.02'],['G_Lens'],,[323.80659],[-1.05431],[nan],[nan],['PHOT'],[1.64]
MACS J2135-0102:[ZB2016] 7.02,323.80714,-1.05285,['N'],,,['MACS J2135-0102:[ZB2016] 7.02'],['G_Lens'],,[323.80714],[-1.05285],[nan],[nan],['PHOT'],[2.23]
MACS J2135-0102:[ZB2016] 3.01,323.80834,-1.04472,['N'],,,['MACS J2135-0102:[ZB2016] 3.01'],['G_Lens'],,[323.80834],[-1.04472],[nan],[nan],['PHOT'],[1.66]
MACS J2135-0102:[ZB2016] 1.03,323.81489,-1.05358,"['N', 'N']",,,"['MACS J2135-0102:[ZB2016] 1.03', 'MACS J2135-0102:[ZB2016] c5.03']","['G_Lens', 'G_Lens']",,"[323.81489, 323.81513]","[-1.05358, -1.05358]","[nan, nan]","[nan, nan]","[nan, nan]","[nan, nan]"
MACS J2135-0102:[ZB2016] c4.03,323.81511,-1.05323,['N'],,,['MACS J2135-0102:[ZB2016] c4.03'],['G_Lens'],,[323.81511],[-1.05323],[nan],[nan],[nan],[nan]
DES J2140+0057:[DBL2017] 2,325.19725,0.95522,['N'],,,['DES J2140+0057:[DBL2017] 2'],['G_Lens'],,[325.19725],[0.95522],[nan],[nan],['PHOT'],[0.11]
DES J2140+0057:[DBL2017] 1,325.19806,0.95537,['N'],,,['DES J2140+0057:[DBL2017] 1'],['G_Lens'],,[325.19806],[0.95537],[nan],[nan],['PHOT'],[0.15]
DES J2149-0012:[DBL2017] 1,327.3135,-0.2135,['N'],,,['DES J2149-0012:[DBL2017] 1'],['G_Lens'],,[327.3135],[-0.2135],[nan],[nan],[nan],[nan]
DES J2156+0058:[DBL2017] 2,329.24528,0.96978,['N'],,,['DES J2156+0058:[DBL2017] 2'],['G_Lens'],,[329.24528],[0.96978],[nan],[nan],['PHOT'],[0.58]
DES J2156+0058:[DBL2017] 1,329.24584,0.97284,['N'],,,['DES J2156+0058:[DBL2017] 1'],['G_Lens'],,[329.24584],[0.97284],[nan],[nan],['PHOT'],[0.49]
DES J2159+0026:[DBL2017] 1,329.8991,0.444,['N'],,,['DES J2159+0026:[DBL2017] 1'],['G_Lens'],,[329.8991],[0.444],[nan],[nan],[nan],[nan]
SL2S J220629+005728,331.62242,0.95804,['N'],,,['SL2S J220629+005728'],['G'],,[331.62242],[0.95804],[nan],[nan],['UUN '],[0.704]
DES J2212-0008:[DBL2017] 3,333.04643,-0.13922,['N'],,,['DES J2212-0008:[DBL2017] 3'],['G_Lens'],,[333.04643],[-0.13922],[nan],[nan],['PHOT'],[0.25]
DES J2212-0008:[DBL2017] 2,333.04745,-0.1383,['N'],,,['DES J2212-0008:[DBL2017] 2'],['G_Lens'],,[333.04745],[-0.1383],[nan],[nan],['PHOT'],[0.26]
DES J2212-0008:[DBL2017] 1,333.04812,-0.13818,['N'],,,['DES J2212-0008:[DBL2017] 1'],['G_Lens'],,[333.04812],[-0.13818],[nan],[nan],['PHOT'],[0.24]
DES J2213-0018:[DBL2017] 2,333.27705,-0.30996,['N'],,,['DES J2213-0018:[DBL2017] 2'],['G_Lens'],,[333.27705],[-0.30996],[nan],[nan],['PHOT'],[0.47]
DES J2213-0018:[DBL2017] 1,333.27877,-0.30855,['N'],,,['DES J2213-0018:[DBL2017] 1'],['G_Lens'],,[333.27877],[-0.30855],[nan],[nan],['PHOT'],[0.73]
SL2S J221326-000946,333.35908,-0.16287,['N'],,,['SL2S J221326-000946'],['G'],,[333.35908],[-0.16287],[nan],[nan],['UUN '],[0.338]
DES J2214+0110:[DBL2017] 1,333.57864,1.17741,['N'],,,['DES J2214+0110:[DBL2017] 1'],['G_Lens'],,[333.57864],[1.17741],[nan],[nan],['PHOT'],[0.59]
DES J2214+0110:[DBL2017] 2,333.5791,1.1763,['N'],,,['DES J2214+0110:[DBL2017] 2'],['G_Lens'],,[333.5791],[1.1763],[nan],[nan],[nan],[nan]
DES J2215+0102:[DBL2017] 1,333.80522,1.04516,['N'],,,['DES J2215+0102:[DBL2017] 1'],['G_Lens'],,[333.80522],[1.04516],[nan],[nan],['PHOT'],[0.76]
DES J2226+0041:[DBL2017] 1,336.53814,0.69494,['N'],,,['DES J2226+0041:[DBL2017] 1'],['G_Lens'],,[336.53814],[0.69494],[nan],[nan],['PHOT'],[0.94]
DES J2233-0104:[OWD2022] 2,338.31923,-1.0684,['N'],,,['DES J2233-0104:[OWD2022] 2'],['G_Lens'],,[338.31923],[-1.0684],[nan],[nan],['PLE '],[1.05]
DES J2233-0104:[OWD2022] 1,338.32013,-1.06788,['N'],,,['DES J2233-0104:[OWD2022] 1'],['G_Lens'],,[338.32013],[-1.06788],[nan],[nan],['PLE '],[0.97]
DES J2241-0057:[DBL2017] 2,340.42016,-0.96284,['N'],,,['DES J2241-0057:[DBL2017] 2'],['G_Lens'],,[340.42016],[-0.96284],[nan],[nan],['PHOT'],[0.42]
DES J2241-0057:[DBL2017] 1,340.4207,-0.96312,['N'],,,['DES J2241-0057:[DBL2017] 1'],['G_Lens'],,[340.4207],[-0.96312],[nan],[nan],['PHOT'],[0.69]
DES J2249-0110:[DBL2017] 1,342.40979,-1.18009,['N'],,,['DES J2249-0110:[DBL2017] 1'],['G_Lens'],,[342.40979],[-1.18009],[nan],[nan],['PHOT'],[0.84]
DES J2252+0107:[DBL2017] 1,343.09436,1.11685,['N'],,,['DES J2252+0107:[DBL2017] 1'],['G_Lens'],,[343.09436],[1.11685],[nan],[nan],['PHOT'],[0.14]
DES J2307+0106:[DBL2017] 1,346.8786,1.11453,['N'],,,['DES J2307+0106:[DBL2017] 1'],['G_Lens'],,[346.8786],[1.11453],[nan],[nan],['PHOT'],[0.39]
DES J2307+0106:[DBL2017] 3,346.87883,1.1133,['N'],,,['DES J2307+0106:[DBL2017] 3'],['G_Lens'],,[346.87883],[1.1133],[nan],[nan],['PHOT'],[0.38]
DES J2307+0106:[DBL2017] 2,346.8791,1.11393,['N'],,,['DES J2307+0106:[DBL2017] 2'],['G_Lens'],,[346.8791],[1.11393],[nan],[nan],['PHOT'],[0.35]
DES J2308+0008:[DBL2017] 2,347.22746,0.13644,['N'],,,['DES J2308+0008:[DBL2017] 2'],['G_Lens'],,[347.22746],[0.13644],[nan],[nan],['PHOT'],[0.68]
DES J2308+0008:[DBL2017] 1,347.22788,0.13623,['N'],,,['DES J2308+0008:[DBL2017] 1'],['G_Lens'],,[347.22788],[0.13623],[nan],[nan],['PHOT'],[0.86]
DES J2309-0047:[DBL2017] 2,347.28575,-0.79152,['N'],,,['DES J2309-0047:[DBL2017] 2'],['G_Lens'],,[347.28575],[-0.79152],[nan],[nan],['PHOT'],[0.42]
DES J2309-0047:[DBL2017] 1,347.28631,-0.79214,['N'],,,['DES J2309-0047:[DBL2017] 1'],['G_Lens'],,[347.28631],[-0.79214],[nan],[nan],['PHOT'],[0.3]
SDSS J230946.3-003912.9 ARC01,347.44292,-0.65358,['N'],,,['SDSS J230946.3-003912.9 ARC01'],['G_Lens'],,[347.44292],[-0.65358],[nan],[nan],['    '],[1.005]
DES J2313-0104:[DBL2017] 3,348.47694,-1.08186,['N'],,,['DES J2313-0104:[DBL2017] 3'],['G_Lens'],,[348.47694],[-1.08186],[nan],[nan],['PHOT'],[0.79]
DES J2313-0104:[DBL2017] 2,348.47738,-1.08188,['N'],,,['DES J2313-0104:[DBL2017] 2'],['G_Lens'],,[348.47738],[-1.08188],[nan],[nan],['PHOT'],[0.67]
DES J2313-0104:[DBL2017] 1,348.47848,-1.08158,['N'],,,['DES J2313-0104:[DBL2017] 1'],['G_Lens'],,[348.47848],[-1.08158],[nan],[nan],['PHOT'],[0.23]
DES J2328-0030:[DBL2017] 2,352.19181,-0.50694,['N'],,,['DES J2328-0030:[DBL2017] 2'],['G_Lens'],,[352.19181],[-0.50694],[nan],[nan],['PHOT'],[0.25]
DES J2328-0030:[DBL2017] 1,352.19187,-0.50616,['N'],,,['DES J2328-0030:[DBL2017] 1'],['G_Lens'],,[352.19187],[-0.50616],[nan],[nan],['PHOT'],[0.19]
[HB89] 2345+006B,357.07998,0.95489,['N'],,,['[HB89] 2345+006B'],['Q_Lens'],,[357.07998],[0.95489],[nan],[nan],['SPEC'],[2.153406]
[HB89] 2345+006A,357.08162,0.95597,['N'],,,['[HB89] 2345+006A'],['Q_Lens'],,[357.08162],[0.95597],[nan],[nan],['SLS '],[2.15]
DES J2355-0007:[DBL2017] 1,358.82402,-0.12387,['N'],,,['DES J2355-0007:[DBL2017] 1'],['G_Lens'],,[358.82402],[-0.12387],[nan],[nan],['PHOT'],[0.13]
DES J2356+0012:[DBL2017] 1,359.14221,0.20684,['N'],,,['DES J2356+0012:[DBL2017] 1'],['G_Lens'],,[359.14221],[0.20684],[nan],[nan],['PHOT'],[0.54]
DES J2356+0012:[DBL2017] 2,359.14235,0.20579,['N'],,,['DES J2356+0012:[DBL2017] 2'],['G_Lens'],,[359.14235],[0.20579],[nan],[nan],['PHOT'],[0.51]
